{
  "precision": {
    "negatif": 0.9988602040234797,
    "netral": 0.9832036280163484,
    "positif": 0.9944861300591178,
    "accuracy": 0.9921320754716981,
    "macro avg": 0.9921833206996488,
    "weighted avg": 0.992183194720718
  },
  "recall": {
    "negatif": 0.9921317785576814,
    "netral": 0.9940001132054113,
    "positif": 0.9902643346351956,
    "accuracy": 0.9921320754716981,
    "macro avg": 0.9921320754660959,
    "weighted avg": 0.9921320754716981
  },
  "f1-score": {
    "negatif": 0.99548462215659,
    "netral": 0.9885723936050439,
    "positif": 0.9923707422218441,
    "accuracy": 0.9921320754716981,
    "macro avg": 0.9921425859944927,
    "weighted avg": 0.9921425229372066
  },
  "support": {
    "negatif": 17666.0,
    "netral": 17667.0,
    "positif": 17667.0,
    "accuracy": 0.9921320754716981,
    "macro avg": 53000.0,
    "weighted avg": 53000.0
  }
}