{
  "precision": {
    "negatif": 0.9985218033998522,
    "netral": 0.9841421582410167,
    "positif": 0.9913206262763785,
    "accuracy": 0.9913018867924528,
    "macro avg": 0.9913281959724157,
    "weighted avg": 0.9913280602439738
  },
  "recall": {
    "negatif": 0.9941695913053322,
    "netral": 0.9906039508688516,
    "positif": 0.9891322805230089,
    "accuracy": 0.9913018867924528,
    "macro avg": 0.9913019408990643,
    "weighted avg": 0.9913018867924528
  },
  "f1-score": {
    "negatif": 0.9963409445468728,
    "netral": 0.9873624823695346,
    "positif": 0.9902252443688908,
    "accuracy": 0.9913018867924528,
    "macro avg": 0.9913095570950995,
    "weighted avg": 0.9913094621632608
  },
  "support": {
    "negatif": 17666.0,
    "netral": 17667.0,
    "positif": 17667.0,
    "accuracy": 0.9913018867924528,
    "macro avg": 53000.0,
    "weighted avg": 53000.0
  }
}